{
  "params": {
    "out_dir": "result",
    "n": 12288,
    "n_null": 10000,
    "seed": 40,
    "null_mode": "both",
    "band_min": 0.7,
    "band_max": 0.9,
    "nperseg": 128,
    "target_fs": 20.0,
    "fs_ds": 20.48,
    "band": [
      0.7,
      0.9
    ]
  },
  "result": {
    "stat": 0.9999301332486308,
    "band_fraction": 0.015384615384615385,
    "mode": "mean",
    "null_mode": "both",
    "p_value_flip": 0.0192,
    "p_value_phase": 0.0,
    "p_value_final": 0.0192,
    "decision_alpha_0.05": true
  }
}